,mice,mean,fast_knn,moving_window
0,8.17168758177474,119.84513338697631,119.55671649637326,3155.532502282904
1,37.812644243240356,1.359114408493042,12.953809976577759,0.25382089614868164
